"github_run_id","scale_factor","window_pct","batch_2_days","engine","repetition","batch_num","seconds","timing_source","validation","refresh_policy"
"34600019978",100,5,18,"spark",1,2,372.8,"reported_batch_duration_log",FALSE,"not_applicable"
"34600019978",100,5,18,"spark-openivm",1,2,670.7,"reported_batch_duration_log",FALSE,"not_applicable"
"34600019978",100,5,18,"duckdb",1,2,138.9,"reported_batch_duration_log",FALSE,"not_applicable"
"34600019978",100,5,18,"duckdb-openivm",1,2,103.1,"reported_batch_duration_log",FALSE,"not_applicable"
"34600019978",100,5,18,"feldera",1,2,26,"reported_batch_duration_log",FALSE,"not_applicable"
"34600019978",100,5,18,"databricks-enzyme",1,2,1082.5,"reported_batch_duration_log",FALSE,"AUTO"
"34600019978",100,5,18,"fabric-jvm-35",1,2,791.5,"reported_batch_duration_log",FALSE,"not_applicable"
"34600019978",100,5,18,"fabric-openivm-jvm-35",1,2,751.4,"reported_batch_duration_log",FALSE,"not_applicable"
"34600019978",100,5,18,"spark",2,2,399.2,"reported_batch_duration_log",FALSE,"not_applicable"
"34600019978",100,5,18,"spark-openivm",2,2,623.9,"reported_batch_duration_log",FALSE,"not_applicable"
"34600019978",100,5,18,"duckdb",2,2,130.5,"reported_batch_duration_log",FALSE,"not_applicable"
"34600019978",100,5,18,"duckdb-openivm",2,2,105.1,"reported_batch_duration_log",FALSE,"not_applicable"
"34600019978",100,5,18,"feldera",2,2,26.5,"reported_batch_duration_log",FALSE,"not_applicable"
"34600019978",100,5,18,"databricks-enzyme",2,2,490.3,"reported_batch_duration_log",FALSE,"AUTO"
"34600019978",100,5,18,"fabric-jvm-35",2,2,783.5,"reported_batch_duration_log",FALSE,"not_applicable"
"34600019978",100,5,18,"fabric-openivm-jvm-35",2,2,613.8,"reported_batch_duration_log",FALSE,"not_applicable"
"34600019978",100,15,55,"spark",1,2,409.1,"reported_batch_duration_log",FALSE,"not_applicable"
"34600019978",100,15,55,"spark-openivm",1,2,685.1,"reported_batch_duration_log",FALSE,"not_applicable"
"34600019978",100,15,55,"duckdb",1,2,132.9,"reported_batch_duration_log",FALSE,"not_applicable"
"34600019978",100,15,55,"duckdb-openivm",1,2,153.9,"reported_batch_duration_log",FALSE,"not_applicable"
"34600019978",100,15,55,"feldera",1,2,72.7,"reported_batch_duration_log",FALSE,"not_applicable"
"34600019978",100,15,55,"databricks-enzyme",1,2,512.7,"reported_batch_duration_log",FALSE,"AUTO"
"34600019978",100,15,55,"fabric-jvm-35",1,2,719.5,"reported_batch_duration_log",FALSE,"not_applicable"
"34600019978",100,15,55,"fabric-openivm-jvm-35",1,2,594.3,"reported_batch_duration_log",FALSE,"not_applicable"
"34600019978",100,15,55,"spark",2,2,406.5,"reported_batch_duration_log",FALSE,"not_applicable"
"34600019978",100,15,55,"spark-openivm",2,2,710.6,"reported_batch_duration_log",FALSE,"not_applicable"
"34600019978",100,15,55,"duckdb",2,2,174,"reported_batch_duration_log",FALSE,"not_applicable"
"34600019978",100,15,55,"duckdb-openivm",2,2,154.9,"reported_batch_duration_log",FALSE,"not_applicable"
"34600019978",100,15,55,"feldera",2,2,63.2,"reported_batch_duration_log",FALSE,"not_applicable"
"34600019978",100,15,55,"databricks-enzyme",2,2,622.3,"reported_batch_duration_log",FALSE,"AUTO"
"34600019978",100,15,55,"fabric-jvm-35",2,2,690.4,"reported_batch_duration_log",FALSE,"not_applicable"
"34600019978",100,15,55,"fabric-openivm-jvm-35",2,2,589.4,"reported_batch_duration_log",FALSE,"not_applicable"
"34600019978",100,25,91,"spark",1,2,427.6,"reported_batch_duration_log",FALSE,"not_applicable"
"34600019978",100,25,91,"spark-openivm",1,2,753.6,"reported_batch_duration_log",FALSE,"not_applicable"
"34600019978",100,25,91,"duckdb",1,2,154.4,"reported_batch_duration_log",FALSE,"not_applicable"
"34600019978",100,25,91,"duckdb-openivm",1,2,172.3,"reported_batch_duration_log",FALSE,"not_applicable"
"34600019978",100,25,91,"feldera",1,2,95.5,"reported_batch_duration_log",FALSE,"not_applicable"
"34600019978",100,25,91,"databricks-enzyme",1,2,522.3,"reported_batch_duration_log",FALSE,"AUTO"
"34600019978",100,25,91,"fabric-jvm-35",1,2,806.5,"reported_batch_duration_log",FALSE,"not_applicable"
"34600019978",100,25,91,"fabric-openivm-jvm-35",1,2,683.4,"reported_batch_duration_log",FALSE,"not_applicable"
"34600019978",100,25,91,"spark",2,2,506.8,"reported_batch_duration_log",FALSE,"not_applicable"
"34600019978",100,25,91,"spark-openivm",2,2,747.2,"reported_batch_duration_log",FALSE,"not_applicable"
"34600019978",100,25,91,"duckdb",2,2,156.4,"reported_batch_duration_log",FALSE,"not_applicable"
"34600019978",100,25,91,"duckdb-openivm",2,2,171.9,"reported_batch_duration_log",FALSE,"not_applicable"
"34600019978",100,25,91,"feldera",2,2,98.3,"reported_batch_duration_log",FALSE,"not_applicable"
"34600019978",100,25,91,"databricks-enzyme",2,2,504,"reported_batch_duration_log",FALSE,"AUTO"
"34600019978",100,25,91,"fabric-jvm-35",2,2,700.4,"reported_batch_duration_log",FALSE,"not_applicable"
"34600019978",100,25,91,"fabric-openivm-jvm-35",2,2,671.4,"reported_batch_duration_log",FALSE,"not_applicable"
"34851747973",100,35,128,"spark",1,2,452.7,"reported_batch_duration_log",FALSE,"not_applicable"
"34851747973",100,35,128,"spark-openivm",1,2,803.7,"reported_batch_duration_log",FALSE,"not_applicable"
"34851747973",100,35,128,"duckdb",1,2,160.8,"reported_batch_duration_log",FALSE,"not_applicable"
"34851747973",100,35,128,"duckdb-openivm",1,2,212.9,"reported_batch_duration_log",FALSE,"not_applicable"
"34851747973",100,35,128,"feldera",1,2,120.1,"reported_batch_duration_log",FALSE,"not_applicable"
"34851747973",100,35,128,"databricks-enzyme",1,2,569.9,"reported_batch_duration_log",FALSE,"AUTO"
"34851747973",100,35,128,"fabric-openivm-jvm-35",1,2,711.4,"reported_batch_duration_log",FALSE,"not_applicable"
"34851747973",100,35,128,"fabric-jvm-35",1,2,828.4,"reported_batch_duration_log",FALSE,"not_applicable"
"34851747973",100,35,128,"spark",2,2,424.4,"reported_batch_duration_log",FALSE,"not_applicable"
"34851747973",100,35,128,"spark-openivm",2,2,848,"reported_batch_duration_log",FALSE,"not_applicable"
"34851747973",100,35,128,"duckdb",2,2,182.8,"reported_batch_duration_log",FALSE,"not_applicable"
"34851747973",100,35,128,"duckdb-openivm",2,2,214.3,"reported_batch_duration_log",FALSE,"not_applicable"
"34851747973",100,35,128,"feldera",2,2,124.7,"reported_batch_duration_log",FALSE,"not_applicable"
"34851747973",100,35,128,"fabric-openivm-jvm-35",2,2,599.4,"reported_batch_duration_log",FALSE,"not_applicable"
"34851747973",100,35,128,"fabric-jvm-35",2,2,913.5,"reported_batch_duration_log",FALSE,"not_applicable"
"34851747973",100,45,164,"spark",1,2,467.5,"reported_batch_duration_log",FALSE,"not_applicable"
"34851747973",100,45,164,"spark-openivm",1,2,898.4,"reported_batch_duration_log",FALSE,"not_applicable"
"34851747973",100,45,164,"duckdb",1,2,160,"reported_batch_duration_log",FALSE,"not_applicable"
"34851747973",100,45,164,"duckdb-openivm",1,2,239.2,"reported_batch_duration_log",FALSE,"not_applicable"
"34851747973",100,45,164,"feldera",1,2,184.5,"reported_batch_duration_log",FALSE,"not_applicable"
"34851747973",100,45,164,"databricks-enzyme",1,2,1052.3,"reported_batch_duration_log",FALSE,"AUTO"
"34851747973",100,45,164,"fabric-jvm-35",1,2,758.4,"reported_batch_duration_log",FALSE,"not_applicable"
"34851747973",100,45,164,"fabric-openivm-jvm-35",1,2,731.5,"reported_batch_duration_log",FALSE,"not_applicable"
"34851747973",100,45,164,"spark",2,2,438.4,"reported_batch_duration_log",FALSE,"not_applicable"
"34851747973",100,45,164,"spark-openivm",2,2,851.1,"reported_batch_duration_log",FALSE,"not_applicable"
"34851747973",100,45,164,"duckdb",2,2,159.7,"reported_batch_duration_log",FALSE,"not_applicable"
"34851747973",100,45,164,"duckdb-openivm",2,2,235.9,"reported_batch_duration_log",FALSE,"not_applicable"
"34851747973",100,45,164,"feldera",2,2,180,"reported_batch_duration_log",FALSE,"not_applicable"
"34851747973",100,45,164,"databricks-enzyme",2,2,539.3,"reported_batch_duration_log",FALSE,"AUTO"
"34851747973",100,45,164,"fabric-jvm-35",2,2,916.5,"reported_batch_duration_log",FALSE,"not_applicable"
"34851747973",100,45,164,"fabric-openivm-jvm-35",2,2,707.5,"reported_batch_duration_log",FALSE,"not_applicable"
